--
-- PostgreSQL database dump
--

SET search_path = public, pg_catalog;

--
-- TOC entry 26 (OID 26232)
-- Name: urb; Type: TABLE; Schema: public; Owner: sjtan
--

CREATE TABLE urb (
    id_urb integer NOT NULL,
    name character varying(200),
    postcode character varying(50),
    state character varying(50)
);


--
-- TOC entry 2 (OID 26236)
-- Name: id_patient_sequence; Type: SEQUENCE; Schema: public; Owner: sjtan
--

CREATE SEQUENCE id_patient_sequence
    START 1
    INCREMENT 1
    MAXVALUE 9223372036854775807
    MINVALUE 1
    CACHE 1;


--
-- TOC entry 27 (OID 26238)
-- Name: patient; Type: TABLE; Schema: public; Owner: sjtan
--

CREATE TABLE patient (
    id_patient integer DEFAULT nextval('id_patient_sequence'::text) NOT NULL,
    title character varying(50),
    firstnames character varying(200),
    lastnames character varying(200),
    birthdate date,
    sex character(1),
    address character varying(300),
    phone_home character varying(20),
    public_health_id character varying(50),
    public_health_expiry_date date,
    private_health_insurance character varying(50),
    private_health_insurance_no character varying(60),
    private_health_insurance_expiry_date date,
    veterans_affairs_id character varying(50),
    notes text,
    phone_work character varying(40)
);


--
-- TOC entry 28 (OID 26246)
-- Name: lnk_patient_urb; Type: TABLE; Schema: public; Owner: sjtan
--

CREATE TABLE lnk_patient_urb (
    id_patient integer,
    id_urb integer
);


--
-- TOC entry 4 (OID 26256)
-- Name: id_history_sequence; Type: SEQUENCE; Schema: public; Owner: sjtan
--

CREATE SEQUENCE id_history_sequence
    START 1
    INCREMENT 1
    MAXVALUE 9223372036854775807
    MINVALUE 1
    CACHE 1;


--
-- TOC entry 29 (OID 26258)
-- Name: history; Type: TABLE; Schema: public; Owner: sjtan
--

CREATE TABLE history (
    id_history integer DEFAULT nextval('id_history_sequence'::text) NOT NULL,
    id_patient integer,
    date_commenced date,
    description character varying(256),
    notes text
);


--
-- TOC entry 6 (OID 26270)
-- Name: id_allergy_sequence; Type: SEQUENCE; Schema: public; Owner: sjtan
--

CREATE SEQUENCE id_allergy_sequence
    START 1
    INCREMENT 1
    MAXVALUE 9223372036854775807
    MINVALUE 1
    CACHE 1;


--
-- TOC entry 30 (OID 26272)
-- Name: allergy; Type: TABLE; Schema: public; Owner: sjtan
--

CREATE TABLE allergy (
    id_allergy integer DEFAULT nextval('id_allergy_sequence'::text) NOT NULL,
    id_patient integer,
    date_entered date,
    drugname character varying(100),
    reaction character varying(100),
    notes text
);


--
-- TOC entry 8 (OID 26284)
-- Name: id_prescription_sequence; Type: SEQUENCE; Schema: public; Owner: sjtan
--

CREATE SEQUENCE id_prescription_sequence
    START 1
    INCREMENT 1
    MAXVALUE 9223372036854775807
    MINVALUE 1
    CACHE 1;


--
-- TOC entry 31 (OID 26286)
-- Name: prescription; Type: TABLE; Schema: public; Owner: sjtan
--

CREATE TABLE prescription (
    id_prescription integer DEFAULT nextval('id_prescription_sequence'::text) NOT NULL,
    id_patient integer,
    date_commenced date,
    date_prescribed date,
    drugname character varying(100),
    qty character varying(100),
    dosing character varying(255),
    notes text,
    print boolean
);


--
-- TOC entry 10 (OID 26298)
-- Name: id_progress_note_sequence; Type: SEQUENCE; Schema: public; Owner: sjtan
--

CREATE SEQUENCE id_progress_note_sequence
    START 1
    INCREMENT 1
    MAXVALUE 9223372036854775807
    MINVALUE 1
    CACHE 1;


--
-- TOC entry 32 (OID 26300)
-- Name: progress_note; Type: TABLE; Schema: public; Owner: sjtan
--

CREATE TABLE progress_note (
    id_progress_note integer DEFAULT nextval('id_progress_note_sequence'::text) NOT NULL,
    id_patient integer,
    notes text,
    username character varying(100) DEFAULT "current_user"(),
    date_entered timestamp without time zone
);


--
-- TOC entry 12 (OID 26312)
-- Name: id_vaccination_sequence; Type: SEQUENCE; Schema: public; Owner: sjtan
--

CREATE SEQUENCE id_vaccination_sequence
    START 1
    INCREMENT 1
    MAXVALUE 9223372036854775807
    MINVALUE 1
    CACHE 1;


--
-- TOC entry 33 (OID 26314)
-- Name: vaccination; Type: TABLE; Schema: public; Owner: sjtan
--

CREATE TABLE vaccination (
    id_vaccination integer DEFAULT nextval('id_vaccination_sequence'::text) NOT NULL,
    id_patient integer,
    vaccine character varying(100),
    date_given date,
    serial_no character varying(50),
    notes text
);


--
-- TOC entry 14 (OID 26326)
-- Name: id_vaccine_sequence; Type: SEQUENCE; Schema: public; Owner: sjtan
--

CREATE SEQUENCE id_vaccine_sequence
    START 1
    INCREMENT 1
    MAXVALUE 9223372036854775807
    MINVALUE 1
    CACHE 1;


--
-- TOC entry 34 (OID 26328)
-- Name: vaccine; Type: TABLE; Schema: public; Owner: sjtan
--

CREATE TABLE vaccine (
    name_vaccine character varying(100) DEFAULT nextval('id_vaccine_sequence'::text) NOT NULL,
    is_generic boolean,
    is_combined boolean,
    indications text,
    "usage" text
);


--
-- TOC entry 16 (OID 26336)
-- Name: id_investigation_sequence; Type: SEQUENCE; Schema: public; Owner: sjtan
--

CREATE SEQUENCE id_investigation_sequence
    START 1
    INCREMENT 1
    MAXVALUE 9223372036854775807
    MINVALUE 1
    CACHE 1;


--
-- TOC entry 35 (OID 26338)
-- Name: investigation; Type: TABLE; Schema: public; Owner: sjtan
--

CREATE TABLE investigation (
    id_investigation integer DEFAULT nextval('id_investigation_sequence'::text) NOT NULL,
    id_patient integer,
    test_ordered character varying(512),
    clinical_notes text,
    datetime_ordered timestamp without time zone DEFAULT now(),
    date_completed date,
    datetime_completed timestamp without time zone
);


--
-- TOC entry 18 (OID 26350)
-- Name: id_investigation_result_sequence; Type: SEQUENCE; Schema: public; Owner: sjtan
--

CREATE SEQUENCE id_investigation_result_sequence
    START 1
    INCREMENT 1
    MAXVALUE 9223372036854775807
    MINVALUE 1
    CACHE 1;


--
-- TOC entry 36 (OID 26352)
-- Name: investigation_result; Type: TABLE; Schema: public; Owner: sjtan
--

CREATE TABLE investigation_result (
    id_investigation_result integer DEFAULT nextval('id_investigation_result_sequence'::text) NOT NULL,
    id_investigation integer,
    id_patient integer,
    result text,
    report_comment text,
    notes text,
    datetime_reported timestamp without time zone,
    datetime_received timestamp without time zone,
    datetime_checked timestamp without time zone,
    checkedby character varying(50)
);


--
-- TOC entry 37 (OID 26368)
-- Name: specialty; Type: TABLE; Schema: public; Owner: sjtan
--

CREATE TABLE specialty (
    name character varying(100) NOT NULL
);


--
-- TOC entry 20 (OID 26372)
-- Name: id_doctor_sequence; Type: SEQUENCE; Schema: public; Owner: sjtan
--

CREATE SEQUENCE id_doctor_sequence
    START 1
    INCREMENT 1
    MAXVALUE 9223372036854775807
    MINVALUE 1
    CACHE 1;


--
-- TOC entry 38 (OID 26374)
-- Name: doctor; Type: TABLE; Schema: public; Owner: sjtan
--

CREATE TABLE doctor (
    id_doctor integer DEFAULT nextval('id_doctor_sequence'::text) NOT NULL,
    prescriber_no integer,
    firstnames character varying(200),
    lastnames character varying(200),
    title character varying(50),
    preferred_salutation character varying(200),
    interest_in character varying(500),
    mobile character varying(100),
    pager character varying(100),
    specialty character varying(100)
);


--
-- TOC entry 39 (OID 26383)
-- Name: provider_numbers; Type: TABLE; Schema: public; Owner: sjtan
--

CREATE TABLE provider_numbers (
    id_doctor integer,
    provider_number character varying(100) NOT NULL
);


--
-- TOC entry 22 (OID 26391)
-- Name: id_practice_location_sequence; Type: SEQUENCE; Schema: public; Owner: sjtan
--

CREATE SEQUENCE id_practice_location_sequence
    START 1
    INCREMENT 1
    MAXVALUE 9223372036854775807
    MINVALUE 1
    CACHE 1;


--
-- TOC entry 40 (OID 26393)
-- Name: practice_location; Type: TABLE; Schema: public; Owner: sjtan
--

CREATE TABLE practice_location (
    id_practice_location integer DEFAULT nextval('id_practice_location_sequence'::text) NOT NULL,
    practice_name character varying(200),
    address character varying(200),
    id_urb integer,
    work_phone character varying(100),
    work_phone2 character varying(100),
    fax character varying(100),
    email character varying(100)
);


--
-- TOC entry 41 (OID 26402)
-- Name: practices_at; Type: TABLE; Schema: public; Owner: sjtan
--

CREATE TABLE practices_at (
    id_consultant integer NOT NULL,
    date_known_active date,
    date_known_ceased date,
    id_practice_location integer
);


--
-- TOC entry 42 (OID 26410)
-- Name: referral; Type: TABLE; Schema: public; Owner: sjtan
--

CREATE TABLE referral (
    id_doctor integer,
    id_practice_location integer,
    datetime_written timestamp without time zone,
    header text,
    body text,
    id_referring_doctor integer
);


--
-- TOC entry 43 (OID 26427)
-- Name: billing_item; Type: TABLE; Schema: public; Owner: sjtan
--

CREATE TABLE billing_item (
    billing_code character varying(40) NOT NULL,
    date_sourced date,
    title character varying(400),
    notes text
);


--
-- TOC entry 44 (OID 26434)
-- Name: billing_category; Type: TABLE; Schema: public; Owner: sjtan
--

CREATE TABLE billing_category (
    billing_category character varying(100) NOT NULL
);


--
-- TOC entry 24 (OID 26593)
-- Name: id_patient_sequence2; Type: SEQUENCE; Schema: public; Owner: sjtan
--

CREATE SEQUENCE id_patient_sequence2
    START 1
    INCREMENT 1
    MAXVALUE 9223372036854775807
    MINVALUE 1
    CACHE 1;


--
-- Data for TOC entry 62 (OID 26232)
-- Name: urb; Type: TABLE DATA; Schema: public; Owner: sjtan
--



--
-- Data for TOC entry 63 (OID 26238)
-- Name: patient; Type: TABLE DATA; Schema: public; Owner: sjtan
--

INSERT INTO patient VALUES (5, 'Mr', 'Bill', 'Taylor', '1923-01-01', 'M', '2 Taylor Rd Taylor''s Lakes', '2224444', '', '2008-01-01', '', '', '2005-01-01', '', '', '');
INSERT INTO patient VALUES (11, 'Mr', 'Albert', 'Victor', '2000-01-01', 'M', '22 Caravan Rd ', '110-2020', '', '2003-01-01', '', '', '2004-01-01', '', '', '');
INSERT INTO patient VALUES (19, 'Mrs', 'Beverley', 'Wongf', '1970-08-03', 'f', '22 Gray St Umberto', '', '', NULL, 'HBA ', '89823222', NULL, '', '', '');
INSERT INTO patient VALUES (7, 'Mr', 'Mark', 'Smith', '1977-07-01', 'm', '7 Farnesby rd Heathmont', '999 1111', '909090', '1980-09-30', '8889 2289', '898 18988', '1967-08-15', 'vx 8989 322', '', '222 4444');
INSERT INTO patient VALUES (4, 'Mrs', 'Beryl A.', 'Smith', '1922-01-01', 'f', '22 Beryl Rd Rosebud', '', '', '2008-01-01', '', '', '2005-01-01', '', '', '');
INSERT INTO patient VALUES (13, 'Mr', 'Umbo', 'Umbert', '2000-01-01', 'm', '', '', '', NULL, '', '', NULL, '', '', '');
INSERT INTO patient VALUES (8, 'Mr', 'Gooding', 'Geoffrey   Harold', '2003-02-02', 'm', '22 Harding rd', '222-1122', '', '2000-01-01', '', '', '2000-01-01', 'vx444212', '', '333-9944');


--
-- Data for TOC entry 64 (OID 26246)
-- Name: lnk_patient_urb; Type: TABLE DATA; Schema: public; Owner: sjtan
--



--
-- Data for TOC entry 65 (OID 26258)
-- Name: history; Type: TABLE DATA; Schema: public; Owner: sjtan
--

INSERT INTO history VALUES (4, 7, '1967-02-01', 'ami', 'minor');
INSERT INTO history VALUES (5, 7, '2001-01-01', 'eczema', 'minor');
INSERT INTO history VALUES (12, 7, '2003-02-03', 'UTI', '');
INSERT INTO history VALUES (17, 19, '2000-01-01', 'WigWam', '');
INSERT INTO history VALUES (13, 8, '2000-01-01', 'Goodpastures', '');
INSERT INTO history VALUES (10, 4, '2000-01-01', 'ingrown toenails', 'as');
INSERT INTO history VALUES (20, 8, '2000-01-01', 'chickenpox', '');
INSERT INTO history VALUES (21, 11, '2000-01-01', 'ami', 'not really');
INSERT INTO history VALUES (9, 5, '2000-01-01', 'callouses', 'and more');
INSERT INTO history VALUES (11, 5, '2004-02-01', 'migraine', 'classic');


--
-- Data for TOC entry 66 (OID 26272)
-- Name: allergy; Type: TABLE DATA; Schema: public; Owner: sjtan
--

INSERT INTO allergy VALUES (5, 5, '2000-01-01', 'sulfurs', '', '');
INSERT INTO allergy VALUES (6, 7, '2000-01-01', 'bactrim', '', '');
INSERT INTO allergy VALUES (7, 8, '2000-01-01', 'Honey', '', '');
INSERT INTO allergy VALUES (12, 11, '2000-01-01', 'berkely', '', '');
INSERT INTO allergy VALUES (13, 19, '2000-01-01', '', '', '');


--
-- Data for TOC entry 67 (OID 26286)
-- Name: prescription; Type: TABLE DATA; Schema: public; Owner: sjtan
--

INSERT INTO prescription VALUES (11, 11, '2000-01-01', '2000-01-01', 'calamine', '', '', '', NULL);
INSERT INTO prescription VALUES (6, 7, '2000-01-01', '2000-01-01', 'Keflex', '20', '500mg tds', '', false);
INSERT INTO prescription VALUES (7, 8, '2000-01-01', '2000-01-01', 'prednisolone', '', '1 daily', '', false);
INSERT INTO prescription VALUES (13, 5, '2000-01-02', NULL, 'captopril', '60', '1 tds', 'hypertension', true);
INSERT INTO prescription VALUES (8, 5, '2001-01-02', '2003-01-03', 'panadeine forte', '20', '1 qid prn', '', true);
INSERT INTO prescription VALUES (0, 5, '2000-01-01', '2000-01-01', 'tramadol', 'restored', '', '', true);
INSERT INTO prescription VALUES (33, 5, '2004-02-18', '2004-02-18', 'duromine', '20', '', '', true);
INSERT INTO prescription VALUES (52, 5, '2004-02-18', '2004-02-18', 'fixed !!', '', '', '', false);
INSERT INTO prescription VALUES (14, 5, '2004-02-18', '2004-02-18', 'levlen ed', '28 x 4', '1 daily', 'contraception', false);
INSERT INTO prescription VALUES (12, 5, '2003-01-01', '2000-01-01', 'maxalon', '20', '1 tds prn', 'migraine', false);
INSERT INTO prescription VALUES (51, 5, '2004-02-18', '2004-02-18', 'panamax', '100', '1 qid', '', true);
INSERT INTO prescription VALUES (5, 5, '2000-01-01', '2003-01-01', 'sandomigran', '30', '1 tds', '', true);
INSERT INTO prescription VALUES (45, 5, '2004-02-18', '2004-02-18', 'why?', '', '', '', false);


--
-- Data for TOC entry 68 (OID 26300)
-- Name: progress_note; Type: TABLE DATA; Schema: public; Owner: sjtan
--

INSERT INTO progress_note VALUES (96, 7, 'why', 'sjtan', '2004-02-17 00:31:29.92629');
INSERT INTO progress_note VALUES (97, 7, 'why more', 'sjtan', '2004-02-17 00:33:31.921226');
INSERT INTO progress_note VALUES (99, 7, 'why more and more', 'sjtan', '2004-02-17 00:40:36.475298');
INSERT INTO progress_note VALUES (100, 5, 'Is this correct now', 'sjtan', '2004-02-17 00:40:55.850058');
INSERT INTO progress_note VALUES (102, 8, 'this is Gooding words', 'sjtan', '2004-02-17 00:43:06.826799');
INSERT INTO progress_note VALUES (103, 4, 'Does she have stuff', 'sjtan', '2004-02-17 00:43:21.678855');
INSERT INTO progress_note VALUES (104, 8, 'this is Gooding words and more words', 'sjtan', '2004-02-17 00:50:34.851803');
INSERT INTO progress_note VALUES (105, 19, 'is wigwanned', 'sjtan', '2004-02-17 01:14:25.602563');
INSERT INTO progress_note VALUES (106, 13, 'More of Brown', 'sjtan', '2004-02-17 01:14:49.029171');
INSERT INTO progress_note VALUES (107, 5, 'Is this correct now, I hope so', 'sjtan', '2004-02-17 01:26:06.930752');
INSERT INTO progress_note VALUES (108, 8, 'this is Gooding words and more words
Hello There everyone', 'sjtan', '2004-02-17 02:01:16.897619');
INSERT INTO progress_note VALUES (109, 8, 'this is Gooding words and more words
Hello There everyone, time to sleep', 'sjtan', '2004-02-17 02:14:31.044306');
INSERT INTO progress_note VALUES (110, 4, 'Does she have stuff; again?', 'sjtan', '2004-02-17 23:46:09.171882');
INSERT INTO progress_note VALUES (111, 19, 'this is more wiggy', 'sjtan', '2004-02-18 09:52:40.693614');
INSERT INTO progress_note VALUES (112, 19, 'this is more wiggy and further wiggy', 'sjtan', '2004-02-18 16:22:59.954865');


--
-- Data for TOC entry 69 (OID 26314)
-- Name: vaccination; Type: TABLE DATA; Schema: public; Owner: sjtan
--

INSERT INTO vaccination VALUES (6, 5, 'meningovax', '1904-01-01', 'aaxaas', '');
INSERT INTO vaccination VALUES (7, 8, 'fluvax', '2000-01-01', '', '');


--
-- Data for TOC entry 70 (OID 26328)
-- Name: vaccine; Type: TABLE DATA; Schema: public; Owner: sjtan
--



--
-- Data for TOC entry 71 (OID 26338)
-- Name: investigation; Type: TABLE DATA; Schema: public; Owner: sjtan
--

INSERT INTO investigation VALUES (1, 11, 'FBE, UE, Cr', '', '2000-01-04 01:00:00', NULL, NULL);
INSERT INTO investigation VALUES (2, 5, 'FBE', '', '2000-01-01 00:00:00', NULL, NULL);
INSERT INTO investigation VALUES (3, 4, '', '', '2000-01-01 00:00:00', NULL, NULL);


--
-- Data for TOC entry 72 (OID 26352)
-- Name: investigation_result; Type: TABLE DATA; Schema: public; Owner: sjtan
--



--
-- Data for TOC entry 73 (OID 26368)
-- Name: specialty; Type: TABLE DATA; Schema: public; Owner: sjtan
--



--
-- Data for TOC entry 74 (OID 26374)
-- Name: doctor; Type: TABLE DATA; Schema: public; Owner: sjtan
--



--
-- Data for TOC entry 75 (OID 26383)
-- Name: provider_numbers; Type: TABLE DATA; Schema: public; Owner: sjtan
--



--
-- Data for TOC entry 76 (OID 26393)
-- Name: practice_location; Type: TABLE DATA; Schema: public; Owner: sjtan
--



--
-- Data for TOC entry 77 (OID 26402)
-- Name: practices_at; Type: TABLE DATA; Schema: public; Owner: sjtan
--



--
-- Data for TOC entry 78 (OID 26410)
-- Name: referral; Type: TABLE DATA; Schema: public; Owner: sjtan
--



--
-- Data for TOC entry 79 (OID 26427)
-- Name: billing_item; Type: TABLE DATA; Schema: public; Owner: sjtan
--



--
-- Data for TOC entry 80 (OID 26434)
-- Name: billing_category; Type: TABLE DATA; Schema: public; Owner: sjtan
--



--
-- TOC entry 45 (OID 26234)
-- Name: urb_pkey; Type: CONSTRAINT; Schema: public; Owner: sjtan
--

ALTER TABLE ONLY urb
    ADD CONSTRAINT urb_pkey PRIMARY KEY (id_urb);


--
-- TOC entry 46 (OID 26244)
-- Name: patient_pkey; Type: CONSTRAINT; Schema: public; Owner: sjtan
--

ALTER TABLE ONLY patient
    ADD CONSTRAINT patient_pkey PRIMARY KEY (id_patient);


--
-- TOC entry 81 (OID 26248)
-- Name: $1; Type: CONSTRAINT; Schema: public; Owner: sjtan
--

ALTER TABLE ONLY lnk_patient_urb
    ADD CONSTRAINT "$1" FOREIGN KEY (id_patient) REFERENCES patient(id_patient) ON UPDATE NO ACTION ON DELETE NO ACTION;


--
-- TOC entry 82 (OID 26252)
-- Name: $2; Type: CONSTRAINT; Schema: public; Owner: sjtan
--

ALTER TABLE ONLY lnk_patient_urb
    ADD CONSTRAINT "$2" FOREIGN KEY (id_urb) REFERENCES urb(id_urb) ON UPDATE NO ACTION ON DELETE NO ACTION;


--
-- TOC entry 47 (OID 26264)
-- Name: history_pkey; Type: CONSTRAINT; Schema: public; Owner: sjtan
--

ALTER TABLE ONLY history
    ADD CONSTRAINT history_pkey PRIMARY KEY (id_history);


--
-- TOC entry 83 (OID 26266)
-- Name: $1; Type: CONSTRAINT; Schema: public; Owner: sjtan
--

ALTER TABLE ONLY history
    ADD CONSTRAINT "$1" FOREIGN KEY (id_patient) REFERENCES patient(id_patient) ON UPDATE NO ACTION ON DELETE NO ACTION;


--
-- TOC entry 48 (OID 26278)
-- Name: allergy_pkey; Type: CONSTRAINT; Schema: public; Owner: sjtan
--

ALTER TABLE ONLY allergy
    ADD CONSTRAINT allergy_pkey PRIMARY KEY (id_allergy);


--
-- TOC entry 84 (OID 26280)
-- Name: $1; Type: CONSTRAINT; Schema: public; Owner: sjtan
--

ALTER TABLE ONLY allergy
    ADD CONSTRAINT "$1" FOREIGN KEY (id_patient) REFERENCES patient(id_patient) ON UPDATE NO ACTION ON DELETE NO ACTION;


--
-- TOC entry 49 (OID 26292)
-- Name: prescription_pkey; Type: CONSTRAINT; Schema: public; Owner: sjtan
--

ALTER TABLE ONLY prescription
    ADD CONSTRAINT prescription_pkey PRIMARY KEY (id_prescription);


--
-- TOC entry 85 (OID 26294)
-- Name: $1; Type: CONSTRAINT; Schema: public; Owner: sjtan
--

ALTER TABLE ONLY prescription
    ADD CONSTRAINT "$1" FOREIGN KEY (id_patient) REFERENCES patient(id_patient) ON UPDATE NO ACTION ON DELETE NO ACTION;


--
-- TOC entry 50 (OID 26306)
-- Name: progress_note_pkey; Type: CONSTRAINT; Schema: public; Owner: sjtan
--

ALTER TABLE ONLY progress_note
    ADD CONSTRAINT progress_note_pkey PRIMARY KEY (id_progress_note);


--
-- TOC entry 86 (OID 26308)
-- Name: $1; Type: CONSTRAINT; Schema: public; Owner: sjtan
--

ALTER TABLE ONLY progress_note
    ADD CONSTRAINT "$1" FOREIGN KEY (id_patient) REFERENCES patient(id_patient) ON UPDATE NO ACTION ON DELETE NO ACTION;


--
-- TOC entry 51 (OID 26320)
-- Name: vaccination_pkey; Type: CONSTRAINT; Schema: public; Owner: sjtan
--

ALTER TABLE ONLY vaccination
    ADD CONSTRAINT vaccination_pkey PRIMARY KEY (id_vaccination);


--
-- TOC entry 87 (OID 26322)
-- Name: $1; Type: CONSTRAINT; Schema: public; Owner: sjtan
--

ALTER TABLE ONLY vaccination
    ADD CONSTRAINT "$1" FOREIGN KEY (id_patient) REFERENCES patient(id_patient) ON UPDATE NO ACTION ON DELETE NO ACTION;


--
-- TOC entry 52 (OID 26334)
-- Name: vaccine_pkey; Type: CONSTRAINT; Schema: public; Owner: sjtan
--

ALTER TABLE ONLY vaccine
    ADD CONSTRAINT vaccine_pkey PRIMARY KEY (name_vaccine);


--
-- TOC entry 53 (OID 26344)
-- Name: investigation_pkey; Type: CONSTRAINT; Schema: public; Owner: sjtan
--

ALTER TABLE ONLY investigation
    ADD CONSTRAINT investigation_pkey PRIMARY KEY (id_investigation);


--
-- TOC entry 88 (OID 26346)
-- Name: $1; Type: CONSTRAINT; Schema: public; Owner: sjtan
--

ALTER TABLE ONLY investigation
    ADD CONSTRAINT "$1" FOREIGN KEY (id_patient) REFERENCES patient(id_patient) ON UPDATE NO ACTION ON DELETE NO ACTION;


--
-- TOC entry 54 (OID 26358)
-- Name: investigation_result_pkey; Type: CONSTRAINT; Schema: public; Owner: sjtan
--

ALTER TABLE ONLY investigation_result
    ADD CONSTRAINT investigation_result_pkey PRIMARY KEY (id_investigation_result);


--
-- TOC entry 89 (OID 26360)
-- Name: $1; Type: CONSTRAINT; Schema: public; Owner: sjtan
--

ALTER TABLE ONLY investigation_result
    ADD CONSTRAINT "$1" FOREIGN KEY (id_investigation) REFERENCES investigation(id_investigation) ON UPDATE NO ACTION ON DELETE NO ACTION;


--
-- TOC entry 90 (OID 26364)
-- Name: $2; Type: CONSTRAINT; Schema: public; Owner: sjtan
--

ALTER TABLE ONLY investigation_result
    ADD CONSTRAINT "$2" FOREIGN KEY (id_patient) REFERENCES patient(id_patient) ON UPDATE NO ACTION ON DELETE NO ACTION;


--
-- TOC entry 55 (OID 26370)
-- Name: specialty_pkey; Type: CONSTRAINT; Schema: public; Owner: sjtan
--

ALTER TABLE ONLY specialty
    ADD CONSTRAINT specialty_pkey PRIMARY KEY (name);


--
-- TOC entry 56 (OID 26377)
-- Name: doctor_pkey; Type: CONSTRAINT; Schema: public; Owner: sjtan
--

ALTER TABLE ONLY doctor
    ADD CONSTRAINT doctor_pkey PRIMARY KEY (id_doctor);


--
-- TOC entry 91 (OID 26379)
-- Name: $1; Type: CONSTRAINT; Schema: public; Owner: sjtan
--

ALTER TABLE ONLY doctor
    ADD CONSTRAINT "$1" FOREIGN KEY (specialty) REFERENCES specialty(name) ON UPDATE NO ACTION ON DELETE NO ACTION;


--
-- TOC entry 57 (OID 26385)
-- Name: provider_numbers_pkey; Type: CONSTRAINT; Schema: public; Owner: sjtan
--

ALTER TABLE ONLY provider_numbers
    ADD CONSTRAINT provider_numbers_pkey PRIMARY KEY (provider_number);


--
-- TOC entry 92 (OID 26387)
-- Name: $1; Type: CONSTRAINT; Schema: public; Owner: sjtan
--

ALTER TABLE ONLY provider_numbers
    ADD CONSTRAINT "$1" FOREIGN KEY (id_doctor) REFERENCES doctor(id_doctor) ON UPDATE NO ACTION ON DELETE NO ACTION;


--
-- TOC entry 58 (OID 26396)
-- Name: practice_location_pkey; Type: CONSTRAINT; Schema: public; Owner: sjtan
--

ALTER TABLE ONLY practice_location
    ADD CONSTRAINT practice_location_pkey PRIMARY KEY (id_practice_location);


--
-- TOC entry 93 (OID 26398)
-- Name: $1; Type: CONSTRAINT; Schema: public; Owner: sjtan
--

ALTER TABLE ONLY practice_location
    ADD CONSTRAINT "$1" FOREIGN KEY (id_urb) REFERENCES urb(id_urb) ON UPDATE NO ACTION ON DELETE NO ACTION;


--
-- TOC entry 59 (OID 26404)
-- Name: practices_at_pkey; Type: CONSTRAINT; Schema: public; Owner: sjtan
--

ALTER TABLE ONLY practices_at
    ADD CONSTRAINT practices_at_pkey PRIMARY KEY (id_consultant);


--
-- TOC entry 94 (OID 26406)
-- Name: $1; Type: CONSTRAINT; Schema: public; Owner: sjtan
--

ALTER TABLE ONLY practices_at
    ADD CONSTRAINT "$1" FOREIGN KEY (id_practice_location) REFERENCES practice_location(id_practice_location) ON UPDATE NO ACTION ON DELETE NO ACTION;


--
-- TOC entry 95 (OID 26415)
-- Name: $1; Type: CONSTRAINT; Schema: public; Owner: sjtan
--

ALTER TABLE ONLY referral
    ADD CONSTRAINT "$1" FOREIGN KEY (id_doctor) REFERENCES doctor(id_doctor) ON UPDATE NO ACTION ON DELETE NO ACTION;


--
-- TOC entry 96 (OID 26419)
-- Name: $2; Type: CONSTRAINT; Schema: public; Owner: sjtan
--

ALTER TABLE ONLY referral
    ADD CONSTRAINT "$2" FOREIGN KEY (id_practice_location) REFERENCES practice_location(id_practice_location) ON UPDATE NO ACTION ON DELETE NO ACTION;


--
-- TOC entry 97 (OID 26423)
-- Name: $3; Type: CONSTRAINT; Schema: public; Owner: sjtan
--

ALTER TABLE ONLY referral
    ADD CONSTRAINT "$3" FOREIGN KEY (id_referring_doctor) REFERENCES doctor(id_doctor) ON UPDATE NO ACTION ON DELETE NO ACTION;


--
-- TOC entry 60 (OID 26432)
-- Name: billing_item_pkey; Type: CONSTRAINT; Schema: public; Owner: sjtan
--

ALTER TABLE ONLY billing_item
    ADD CONSTRAINT billing_item_pkey PRIMARY KEY (billing_code);


--
-- TOC entry 61 (OID 26436)
-- Name: billing_category_pkey; Type: CONSTRAINT; Schema: public; Owner: sjtan
--

ALTER TABLE ONLY billing_category
    ADD CONSTRAINT billing_category_pkey PRIMARY KEY (billing_category);


--
-- TOC entry 3 (OID 26236)
-- Name: id_patient_sequence; Type: SEQUENCE SET; Schema: public; Owner: sjtan
--

SELECT pg_catalog.setval ('id_patient_sequence', 44, true);


--
-- TOC entry 5 (OID 26256)
-- Name: id_history_sequence; Type: SEQUENCE SET; Schema: public; Owner: sjtan
--

SELECT pg_catalog.setval ('id_history_sequence', 22, true);


--
-- TOC entry 7 (OID 26270)
-- Name: id_allergy_sequence; Type: SEQUENCE SET; Schema: public; Owner: sjtan
--

SELECT pg_catalog.setval ('id_allergy_sequence', 13, true);


--
-- TOC entry 9 (OID 26284)
-- Name: id_prescription_sequence; Type: SEQUENCE SET; Schema: public; Owner: sjtan
--

SELECT pg_catalog.setval ('id_prescription_sequence', 52, true);


--
-- TOC entry 11 (OID 26298)
-- Name: id_progress_note_sequence; Type: SEQUENCE SET; Schema: public; Owner: sjtan
--

SELECT pg_catalog.setval ('id_progress_note_sequence', 112, true);


--
-- TOC entry 13 (OID 26312)
-- Name: id_vaccination_sequence; Type: SEQUENCE SET; Schema: public; Owner: sjtan
--

SELECT pg_catalog.setval ('id_vaccination_sequence', 7, true);


--
-- TOC entry 15 (OID 26326)
-- Name: id_vaccine_sequence; Type: SEQUENCE SET; Schema: public; Owner: sjtan
--

SELECT pg_catalog.setval ('id_vaccine_sequence', 1, false);


--
-- TOC entry 17 (OID 26336)
-- Name: id_investigation_sequence; Type: SEQUENCE SET; Schema: public; Owner: sjtan
--

SELECT pg_catalog.setval ('id_investigation_sequence', 3, true);


--
-- TOC entry 19 (OID 26350)
-- Name: id_investigation_result_sequence; Type: SEQUENCE SET; Schema: public; Owner: sjtan
--

SELECT pg_catalog.setval ('id_investigation_result_sequence', 1, false);


--
-- TOC entry 21 (OID 26372)
-- Name: id_doctor_sequence; Type: SEQUENCE SET; Schema: public; Owner: sjtan
--

SELECT pg_catalog.setval ('id_doctor_sequence', 1, false);


--
-- TOC entry 23 (OID 26391)
-- Name: id_practice_location_sequence; Type: SEQUENCE SET; Schema: public; Owner: sjtan
--

SELECT pg_catalog.setval ('id_practice_location_sequence', 1, false);


--
-- TOC entry 25 (OID 26593)
-- Name: id_patient_sequence2; Type: SEQUENCE SET; Schema: public; Owner: sjtan
--

SELECT pg_catalog.setval ('id_patient_sequence2', 1, true);


